0,2555
1,982
2,922
3,792
4,701
5,771
6,762
7,902
8,691
9,771
10,772
11,762
12,691
13,921
14,692
15,762
16,761
17,671
18,691
19,702
20,761
21,731
22,771
23,690
24,672
25,691
26,692
27,691
28,691
29,691
30,682
31,721
32,681
33,692
34,681
35,730
36,682
37,692
38,750
39,691
40,751
41,682
42,671
43,692
44,771
45,1082
46,681
47,681
48,752
49,681
50,682
51,681
52,681
53,772
54,762
55,681
56,751
57,681
58,681
59,681
60,692
61,771
62,681
63,852
64,721
65,771
66,732
67,682
68,691
69,671
70,681
71,842
72,681
73,681
74,682
75,982
76,752
77,690
78,682
79,681
80,681
81,672
82,681
83,671
84,692
85,671
86,732
87,962
88,681
89,671
90,692
91,681
92,1071
93,682
94,791
95,682
96,681
97,682
98,681
99,691
100,681
101,681
102,701
103,671
104,671
105,681
106,672
107,682
108,681
109,672
110,751
111,681
112,681
113,732
114,691
115,4007
116,711
117,682
118,681
119,681
120,682
121,752
122,661
123,672
124,681
125,691
126,661
127,732
128,681
129,682
130,751
131,681
132,672
133,831
134,661
135,681
136,692
137,43842
138,831
139,701
140,772
141,681
142,671
143,681
144,732
145,691
146,712
147,781
148,682
149,681
150,671
151,671
152,682
153,681
154,692
155,670
156,681
157,692
158,681
159,681
160,671
161,681
162,672
163,671
164,681
165,681
166,681
167,682
168,681
169,671
170,692
171,731
172,681
173,672
174,681
175,681
176,731
177,672
178,671
179,692
180,681
181,681
182,671
183,742
184,681
185,732
186,691
187,671
188,691
189,692
190,681
191,731
192,732
193,682
194,690
195,742
196,672
197,681
198,671
199,731
200,681
201,672
202,682
203,681
204,671
205,671
206,681
207,731
208,681
209,681
210,682
211,721
212,681
213,692
214,672
215,681
216,681
217,681
218,681
219,681
220,681
221,682
222,681
223,681
224,731
225,671
226,671
227,681
228,672
229,671
230,682
231,690
232,691
233,782
234,741
235,682
236,690
237,682
238,681
239,681
240,692
241,691
242,672
243,701
244,681
245,670
246,671
247,691
248,682
249,681
250,681
251,682
252,681
253,681
254,742
255,691
256,681
257,681
258,682
259,681
260,681
261,681
262,681
263,671
264,692
265,681
266,682
267,681
268,681
269,682
270,681
271,681
272,681
273,682
274,702
275,691
276,701
277,681
278,731
279,681
280,682
281,741
282,742
283,691
284,681
285,692
286,701
287,691
288,682
289,681
290,681
291,682
292,681
293,681
294,692
295,751
296,681
297,682
298,681
299,681
300,681
301,691
302,682
303,690
304,681
305,681
306,681
307,682
308,671
309,681
310,752
311,682
312,690
313,691
314,682
315,690
316,742
317,681
318,761
319,751
320,681
321,742
322,681
323,692
324,691
325,692
326,811
327,701
328,742
329,681
330,681
331,692
332,691
333,741
334,702
335,681
336,681
337,692
338,681
339,682
340,681
341,691
342,681
343,692
344,701
345,691
346,682
347,691
348,682
349,711
350,671
351,752
352,671
353,671
354,692
355,691
356,731
357,672
358,681
359,681
360,682
361,681
362,681
363,682
364,681
365,761
366,682
367,751
368,701
369,701
370,702
371,681
372,692
373,681
374,731
375,681
376,691
377,691
378,681
379,682
380,672
381,681
382,691
383,741
384,681
385,712
386,751
387,702
388,681
389,732
390,691
391,692
392,670
393,682
394,681
395,681
396,682
397,721
398,692
399,711
400,701
401,752
402,711
403,681
404,681
405,681
406,691
407,681
408,691
409,691
410,762
411,681
412,672
413,701
414,691
415,741
416,682
417,671
418,691
419,682
420,681
421,681
422,682
423,671
424,682
425,681
426,671
427,681
428,681
429,712
430,671
431,681
432,672
433,681
434,671
435,682
436,741
437,692
438,671
439,681
440,681
441,682
442,671
443,742
444,681
445,681
446,671
447,692
448,691
449,681
450,742
451,712
452,681
453,701
454,691
455,681
456,712
457,682
458,672
459,681
460,681
461,771
462,741
463,672
464,670
465,681
466,672
467,670
468,1053
469,681
470,682
471,750
472,681
473,692
474,670
475,702
476,681
477,672
478,682
479,681
480,942
481,661
482,670
483,702
484,701
485,672
486,681
487,682
488,690
489,702
490,692
491,681
492,671
493,761
494,670
495,691
496,691
497,672
498,671
499,681
500,681
501,701
502,762
503,682
504,681
505,672
506,672
507,671
508,671
509,681
510,681
511,711
512,30557
513,791
514,712
515,681
516,681
517,661
518,681
519,671
520,662
521,670
522,681
523,762
524,661
525,671
526,681
527,681
528,671
529,682
530,681
531,671
532,732
533,670
534,672
535,671
536,741
537,672
538,731
539,672
540,752
541,742
542,671
543,661
544,742
545,681
546,671
547,681
548,692
549,671
550,681
551,742
552,671
553,682
554,671
555,681
556,672
557,691
558,671
559,682
560,672
561,741
562,671
563,692
564,691
565,681
566,752
567,741
568,681
569,681
570,731
571,672
572,671
573,681
574,672
575,712
576,681
577,681
578,682
579,671
580,682
581,681
582,681
583,671
584,762
585,681
586,672
587,671
588,691
589,731
590,682
591,691
592,671
593,682
594,671
595,671
596,681
597,682
598,692
599,670
600,672
601,822
602,1002
603,831
604,821
605,842
606,842
607,892
608,851
609,892
610,822
611,921
612,891
613,841
614,792
615,782
616,791
617,852
618,851
619,902
620,792
621,791
622,832
623,822
624,771
625,892
626,831
627,801
628,873
629,831
630,852
631,962
632,791
633,861
634,852
635,801
636,861
637,852
638,872
639,892
640,922
641,26690
642,1674
643,851
644,752
645,701
646,662
647,771
648,682
649,681
650,671
651,691
652,681
653,672
654,862
655,681
656,681
657,682
658,681
659,831
660,692
661,691
662,692
663,1011
664,681
665,742
666,681
667,11882
668,2144
669,932
670,791
671,681
672,682
673,671
674,661
675,682
676,701
677,852
678,681
679,692
680,701
681,701
682,691
683,692
684,751
685,752
686,701
687,691
688,702
689,681
690,681
691,661
692,781
693,682
694,681
695,681
696,681
697,702
698,751
699,681
700,691
701,681
702,661
703,852
704,702
705,681
706,671
707,712
708,671
709,671
710,662
711,681
712,682
713,741
714,702
715,681
716,681
717,681
718,681
719,772
720,681
721,681
722,682
723,701
724,681
725,682
726,691
727,671
728,682
729,661
730,671
731,681
732,741
733,671
734,701
735,681
736,681
737,682
738,681
739,681
740,762
741,732
742,742
743,690
744,692
745,751
746,692
747,681
748,7765
749,751
750,712
751,681
752,661
753,682
754,670
755,671
756,682
757,661
758,781
759,662
760,701
761,701
762,671
763,672
764,671
765,672
766,661
767,801
768,691
769,712
770,751
771,692
772,711
773,681
774,681
775,691
776,781
777,692
778,691
779,681
780,681
781,701
782,752
783,681
784,681
785,692
786,701
787,691
788,681
789,742
790,692
791,670
792,682
793,681
794,661
795,662
796,711
797,691
798,702
799,691
800,691
801,672
802,671
803,672
804,670
805,672
806,661
807,701
808,681
809,691
810,681
811,672
812,681
813,762
814,661
815,681
816,672
817,661
818,691
819,672
820,671
821,681
822,672
823,670
824,682
825,672
826,741
827,681
828,691
829,681
830,682
831,712
832,681
833,701
834,682
835,681
836,681
837,702
838,681
839,692
840,682
841,690
842,682
843,681
844,672
845,701
846,33613
847,821
848,742
849,672
850,670
851,682
852,681
853,672
854,681
855,681
856,671
857,671
858,671
859,741
860,682
861,681
862,692
863,701
864,681
865,682
866,681
867,851
868,672
869,681
870,691
871,672
872,681
873,671
874,681
875,682
876,681
877,661
878,662
879,681
880,661
881,672
882,671
883,682
884,670
885,712
886,671
887,661
888,672
889,671
890,661
891,672
892,681
893,682
894,670
895,702
896,701
897,712
898,691
899,671
900,701
901,762
902,772
903,681
904,682
905,690
906,752
907,671
908,681
909,672
910,671
911,692
912,681
913,702
914,670
915,682
916,681
917,681
918,732
919,671
920,672
921,671
922,671
923,682
924,691
925,691
926,681
927,672
928,671
929,752
930,731
931,671
932,682
933,681
934,691
935,681
936,692
937,661
938,672
939,681
940,661
941,661
942,681
943,681
944,691
945,692
946,671
947,681
948,682
949,691
950,681
951,672
952,681
953,661
954,732
955,741
956,661
957,671
958,682
959,691
960,672
961,681
962,671
963,681
964,661
965,662
966,721
967,672
968,671
969,681
970,672
971,671
972,691
973,682
974,681
975,661
976,671
977,672
978,681
979,711
980,701
981,672
982,682
983,681
984,701
985,682
986,681
987,682
988,752
989,751
990,681
991,661
992,692
993,661
994,671
995,742
996,691
997,671
998,681
999,662
