0,10871
1,9488
2,9528
3,50024
4,9327
5,9498
6,9308
7,9318
8,9727
9,9408
10,9297
11,9257
12,9999
13,9387
14,9538
15,9278
16,9718
17,9538
18,9277
19,9278
20,9558
21,9117
22,9729
23,9206
24,9609
25,9378
26,9778
27,9367
28,10110
29,9467
30,9268
31,9538
32,9618
33,9578
34,9298
35,9418
36,9758
37,9718
38,9277
39,9638
40,9298
41,9567
42,9278
43,9808
44,9618
45,13094
46,9297
47,9658
48,9297
49,9929
50,9217
51,10240
52,9217
53,9317
54,9628
55,9809
56,9297
57,9659
58,9417
59,9658
60,9679
61,9467
62,9317
63,9809
64,9367
65,9409
66,9547
67,9388
68,9558
69,9578
70,9628
71,9337
72,14347
73,23023
74,15720
75,11873
76,11732
77,11412
78,11853
79,11722
80,11872
81,11572
82,12012
83,11571
84,11811
85,11682
86,11782
87,11411
88,11702
89,11622
90,11641
91,11562
92,11833
93,11501
94,11771
95,11811
96,59431
97,11652
98,12354
99,11601
100,11762
101,11682
102,11913
103,11722
104,11653
105,11831
106,11522
107,11782
108,11602
109,12383
110,11492
111,12073
112,11592
113,12333
114,11531
115,11793
116,11502
117,11942
118,11512
119,11602
120,16361
121,11842
122,11431
123,11611
124,11481
125,11813
126,11471
127,11802
128,11451
129,11932
130,11582
131,15649
132,11371
133,11522
134,11492
135,11341
136,11893
137,196919
138,11792
139,11662
140,11551
141,11682
142,11492
143,11612
144,11472
145,11682
146,11471
147,11792
148,11462
149,11591
150,11492
151,11632
152,11452
153,11642
154,11782
155,11491
156,11592
157,11501
158,11651
159,11431
160,68008
161,13946
162,13646
163,11512
164,11833
165,11431
166,11912
167,13466
168,13837
169,11653
170,11702
171,11653
172,11762
173,12123
174,11852
175,11952
176,11462
177,11733
178,11531
179,11833
180,11562
181,12153
182,11552
183,11652
184,11653
185,11731
186,11402
187,11892
188,11461
189,11902
190,11330
191,11691
192,11611
193,13356
194,10019
195,9157
196,9407
197,9408
198,9117
199,9307
200,9318
201,9778
202,9268
203,9137
204,9358
205,9046
206,9318
207,9237
208,9248
209,9117
210,9347
211,9068
212,9578
213,9117
214,9267
215,9208
216,9407
217,9148
218,9226
219,9207
220,18124
221,9168
222,10008
223,9217
224,9488
225,9377
226,9578
227,9387
228,9638
229,9469
230,9437
231,9347
232,9237
233,9448
234,9318
235,9417
236,9307
237,9558
238,9368
239,9198
240,9257
241,9438
242,9317
243,9759
244,9157
245,9447
246,9518
247,9508
248,9227
249,9097
250,9178
251,70582
252,11753
253,11702
254,10459
255,9628
256,9418
257,9448
258,9267
259,9348
260,9287
261,9328
262,9478
263,9397
264,9258
265,9457
266,9158
267,9217
268,9469
269,9567
270,9509
271,9357
272,9718
273,9238
274,9297
275,9438
276,9407
277,9268
278,9398
279,9267
280,9608
281,9198
282,9317
283,9387
284,10070
285,9177
286,9367
287,9689
288,9347
289,9188
290,9587
291,13215
292,9338
293,9297
294,9558
295,9278
296,9578
297,9287
298,9468
299,9638
300,9288
301,9417
302,9258
303,9498
304,9307
305,9588
306,9267
307,9368
308,9427
309,9469
310,9117
311,9498
312,9277
313,9678
314,9327
315,12564
316,9337
317,9609
318,14717
319,9658
320,9789
321,9387
322,9328
323,9478
324,9548
325,9437
326,9298
327,9628
328,9347
329,9197
330,9829
331,9447
332,11462
333,9277
334,9387
335,9217
336,9348
337,9367
338,9498
339,9237
340,9427
341,9278
342,9598
343,9117
344,9228
345,9286
346,9377
347,9308
348,109395
349,9858
350,9358
351,9878
352,9237
353,9898
354,9389
355,9487
356,9428
357,9849
358,9518
359,9778
360,9387
361,9528
362,9257
363,9337
364,9408
365,9187
366,9318
367,9547
368,9318
369,9488
370,9278
371,9758
372,9227
373,9548
374,9327
375,9518
376,9468
377,9378
378,9828
379,9217
380,9518
381,9438
382,9778
383,9679
384,9428
385,13274
386,9489
387,9749
388,9527
389,9348
390,9508
391,9348
392,9698
393,9277
394,9478
395,9347
396,9489
397,9367
398,9598
399,9638
400,9418
401,11261
402,9588
403,9367
404,9398
405,9678
406,9347
407,9608
408,9258
409,9778
410,11131
411,13475
412,9498
413,9688
414,9338
415,9628
416,9348
417,9718
418,9367
419,9819
420,9377
421,9498
422,9538
423,9678
424,9589
425,9507
426,9277
427,9317
428,9447
429,9498
430,9468
431,9668
432,9388
433,9437
434,9719
435,9638
436,11110
437,9368
438,9578
439,9628
440,10971
441,9297
442,61025
443,9899
444,9497
445,9628
446,9548
447,9968
448,9718
449,9478
450,9348
451,9407
452,9418
453,9377
454,9549
455,9417
456,9527
457,9337
458,9989
459,9247
460,9798
461,9348
462,9398
463,9467
464,9749
465,9407
466,9578
467,9278
468,9548
469,9267
470,9689
471,9367
472,9829
473,9507
474,12403
475,9429
476,9457
477,9407
478,9408
479,9498
480,9517
481,9378
482,9418
483,13345
484,9438
485,9878
486,9157
487,9408
488,9247
489,9538
490,9478
491,9298
492,9267
493,9457
494,9188
495,9758
496,9247
497,9358
498,9508
499,9418
500,9267
501,9608
502,9258
503,9397
504,9327
505,9337
506,9308
507,9638
508,9247
509,12614
510,9558
511,9418
512,89898
513,9858
514,9447
515,9308
516,9408
517,9297
518,9398
519,9688
520,9398
521,9538
522,9237
523,9719
524,9166
525,9358
526,9248
527,9418
528,9278
529,9388
530,9257
531,9338
532,55313
533,9297
534,9368
535,9258
536,9828
537,9208
538,9707
539,9228
540,9839
541,9166
542,9389
543,9447
544,9709
545,9347
546,9388
547,9507
548,9428
549,9178
550,9558
551,9267
552,9377
553,9258
554,9408
555,9598
556,9257
557,9367
558,9198
559,9328
560,9387
561,9437
562,9197
563,9328
564,9167
565,9448
566,9167
567,9788
568,9178
569,9277
570,9177
571,9367
572,9438
573,9498
574,9168
575,9788
576,9217
577,9358
578,9227
579,9247
580,9428
581,9307
582,9517
583,9218
584,9217
585,9188
586,9267
587,9167
588,9428
589,9157
590,9338
591,9167
592,9308
593,9447
594,9378
595,9187
596,9378
597,9247
598,9849
599,9177
600,9338
601,9186
602,13156
603,9517
604,9377
605,9358
606,9318
607,9297
608,9368
609,9158
610,9357
611,9157
612,9327
613,9388
614,9166
615,9357
616,9138
617,9467
618,9168
619,9297
620,9187
621,9217
622,9168
623,9397
624,9177
625,9327
626,9137
627,9378
628,9237
629,9718
630,9177
631,9307
632,9188
633,9427
634,70683
635,10048
636,10651
637,11892
638,11191
639,9578
640,9218
641,9337
642,9207
643,9598
644,9188
645,9507
646,9238
647,9247
648,9278
649,9197
650,9427
651,9198
652,9437
653,9188
654,9378
655,9197
656,9458
657,9227
658,9388
659,9187
660,9328
661,9607
662,9348
663,9187
664,9318
665,9157
666,9498
667,9217
668,9508
669,9187
670,9237
671,9538
672,9288
673,9267
674,9228
675,9338
676,9277
677,9347
678,9438
679,9357
680,9168
681,9287
682,9188
683,9357
684,9337
685,9327
686,9177
687,9318
688,9237
689,9759
690,9197
691,9357
692,9188
693,9307
694,9388
695,9358
696,9197
697,9318
698,9186
699,9708
700,12664
701,15378
702,9389
703,9357
704,9187
705,9308
706,9227
707,11372
708,9297
709,9167
710,9398
711,9157
712,9698
713,9148
714,9337
715,9238
716,9347
717,9408
718,9277
719,9258
720,9518
721,9177
722,9748
723,9137
724,9368
725,9147
726,9337
727,9428
728,9187
729,9348
730,9207
731,9248
732,112140
733,9478
734,9177
735,9258
736,9187
737,9227
738,9287
739,9227
740,9217
741,9288
742,9458
743,9297
744,9227
745,9146
746,9308
747,9428
748,9267
749,9368
750,9688
751,9187
752,9518
753,9177
754,9438
755,9188
756,9277
757,9427
758,9258
759,9217
760,9338
761,9167
762,9318
763,9167
764,9317
765,9177
766,9318
767,9297
768,9298
769,9157
770,9658
771,9278
772,9297
773,9298
774,9157
775,9288
776,9166
777,9298
778,9208
779,9307
780,9237
781,9318
782,9177
783,9357
784,9198
785,9248
786,9137
787,9317
788,9187
789,9448
790,9157
791,9848
792,9197
793,9308
794,9167
795,9317
796,9438
797,13636
798,9187
799,9288
800,9137
801,9447
802,9428
803,9127
804,9378
805,9177
806,9297
807,9388
808,9679
809,9117
810,9287
811,9157
812,9288
813,9147
814,9497
815,9158
816,9337
817,9228
818,9328
819,9407
820,9257
821,9488
822,9278
823,9137
824,9538
825,9137
826,9378
827,9177
828,51747
829,9688
830,9147
831,9478
832,9188
833,9407
834,9157
835,9328
836,9137
837,9318
838,9187
839,9348
840,9166
841,9318
842,9168
843,9277
844,9137
845,9307
846,89588
847,9288
848,9287
849,9398
850,9337
851,9178
852,9317
853,9217
854,9558
855,9147
856,9357
857,9168
858,9378
859,9367
860,9217
861,9268
862,9307
863,9378
864,9147
865,9298
866,9197
867,9507
868,9208
869,9518
870,9267
871,9268
872,9427
873,9298
874,9217
875,9348
876,9157
877,9357
878,9248
879,9859
880,9146
881,9238
882,9849
883,9277
884,9217
885,9297
886,9177
887,9468
888,9388
889,9146
890,11332
891,13194
892,9369
893,9197
894,9638
895,9157
896,9418
897,9157
898,9427
899,9148
900,9267
901,9568
902,9378
903,9167
904,9288
905,9146
906,9919
907,9318
908,9428
909,9397
910,9198
911,9337
912,9378
913,9337
914,9448
915,9588
916,9347
917,9398
918,9488
919,9318
920,9197
921,60303
922,9368
923,9447
924,9388
925,9358
926,12012
927,9297
928,9849
929,9508
930,12523
931,9308
932,9327
933,9518
934,9398
935,9248
936,9858
937,9258
938,9627
939,9358
940,9729
941,9257
942,9467
943,9407
944,9468
945,9327
946,9429
947,9838
948,9418
949,9357
950,11071
951,9297
952,9428
953,9848
954,9318
955,9368
956,9337
957,9517
958,9358
959,9698
960,9338
961,9397
962,9428
963,9838
964,9388
965,9919
966,9257
967,10209
968,9237
969,9469
970,9367
971,9898
972,9208
973,9278
974,9177
975,9357
976,9708
977,9448
978,9307
979,9298
980,9317
981,9338
982,9388
983,9398
984,9498
985,9237
986,9358
987,9467
988,9328
989,13695
990,9649
991,9257
992,9367
993,9268
994,9407
995,9258
996,9738
997,9257
998,9338
999,9297
