config,rep,getppid_ns,read1_ns
nop,1,325.7,359.1
nop,2,317.8,357.5
nop,3,318.8,333.8
nop,4,322.5,355.6
nop,5,318.6,353.9
function,1,967.3,1173.5
function,2,923.7,1184.3
function,3,930.5,1178.0
function,4,950.6,1259.5
function,5,971.6,1234.1
function-filter1,1,320.0,348.0
function-filter1,2,318.3,356.6
function-filter1,3,316.8,353.9
function-filter1,4,313.4,335.1
function-filter1,5,303.0,332.6
function_graph,1,2454.7,3330.8
function_graph,2,2456.0,3084.7
function_graph,3,2422.7,3178.0
function_graph,4,2439.1,3134.4
function_graph,5,2432.2,3221.2
function_graph-filter1,1,631.3,790.4
function_graph-filter1,2,625.3,796.4
function_graph-filter1,3,627.0,758.7
function_graph-filter1,4,628.4,794.9
function_graph-filter1,5,613.6,759.5
events-sched_switch,1,302.7,339.3
events-sched_switch,2,303.9,335.6
events-sched_switch,3,301.3,338.1
events-sched_switch,4,300.7,351.0
events-sched_switch,5,308.6,344.6
